<?xml version="1.0" encoding="UTF-8"?>
<project-private xmlns="http://www.netbeans.org/ns/project-private/1">
    <editor-bookmarks xmlns="http://www.netbeans.org/ns/editor-bookmarks/2" lastBookmarkId="0"/>
    <open-files xmlns="http://www.netbeans.org/ns/projectui-open-files/2">
        <group>
            <file>file:/E:/JavaApplication1/src/javaapplication1/SCDassignment3.java</file>
            <file>file:/E:/JavaApplication1/src/javaapplication1/PatientController.java</file>
            <file>file:/E:/JavaApplication1/src/javaapplication1/DoctorDAO.java</file>
            <file>file:/E:/JavaApplication1/src/javaapplication1/Patient.java</file>
            <file>file:/E:/JavaApplication1/src/javaapplication1/PatientDAO.java</file>
            <file>file:/E:/JavaApplication1/src/javaapplication1/PatientDetails.java</file>
        </group>
    </open-files>
</project-private>
